"role","content"
"user","关于video 我想要 https://cs409-fa25.github.io/fa-26/images/mp1/11_2.gif 实例这样的效果 不需要manually点击播放 而是作为背景"
"assistant","改好了。现在 Process 区的 video 已经变成背景视频效果：自动播放 autoplay；静音循环 muted loop；移动端可自动播放 playsinline；没有播放器控件，移除了 controls；视频绝对定位铺满整个 section，上面有暗色 overlay 和内容卡片。修改位置：src/index.html 和 src/css/main.scss。npm run build 已通过，dev server 也还在运行：http://localhost:8080/"
"user","Sep 2021 - Apr 2025 / University of California, Santa Barbara 时间和学校名太近了"
"assistant","已修改 education section 的布局：日期 pill 和学校名之间加大间距，不会贴得太近。Education 外层改成居中单栏 panel，避免之前双栏布局导致视觉偏左、不对称。两个学校条目统一成卡片列表，school icon、日期、学校名、degree 的对齐更稳定。手机端也改成居中堆叠，避免小屏拥挤。已运行 npm run build，编译成功。"
"user","about me section里面的contact me button做一个鼠标放上去的颜色变化"
"assistant","可以，我给 About Me 里的 Contact Me 按钮加一个 hover 状态：鼠标放上去时背景/文字颜色变化，并带一点轻微上浮，和页面其他交互风格统一。"
"assistant","已加好 hover 效果：Contact Me 鼠标悬停时会变成黑底白字，并轻微上浮。旁边的 Download Resume 也同步加了 hover，两个按钮交互更统一。修改在 src/css/main.scss，npm run build 已通过。"
"user","1. Set GitHub Pages Deployment Source to Github Actions - In your Github repo, go to Settings > Pages > Build and Deployment > Source > Select GitHub Actions. .github/workflows/static.yml file automatically makes a GitHub CI pipeline run to build and deploy your code as a website. After the pipeline finishes, your site should be live at https://<your-github-username>.github.io/mp1. It may take up to 10-30 minutes for the site to go live after the first deployment. 这个我不会"
"assistant","没事，这一步主要是在 GitHub 网页上点几下，不需要写代码。我先看一下你本地项目里有没有 .github/workflows/static.yml，确认作业给的自动部署文件已经在。"
"assistant","你现在只需要在 GitHub 网页上做这几步：1. 打开你的 repo: https://github.com/zhenbi93/mp1 2. 点上方菜单里的 Settings 3. 左边栏找到 Pages 4. 在 Build and deployment 下面找到 Source 5. 把 Source 从默认选项改成 GitHub Actions 6. 保存后，回到 repo 上方的 Actions tab，等 workflow 跑完。跑完以后网页地址应该是：https://zhenbi93.github.io/mp1 第一次部署可能要等 10-30 分钟才真正能打开。你的本地项目里已经有 .github/workflows/static.yml，所以不用再写 workflow 文件。"
"user","我到这个page了然后呢"
"assistant","你这个页面已经设置对了：Source 已经是 GitHub Actions。这一步完成了。接下来这样做：1. 点页面中间偏下的 View workflow runs，或者直接点左边栏的 Actions。2. 看有没有一个 workflow 正在跑，通常名字可能是 static.yml / Deploy static content to Pages / pages build and deployment。3. 如果看到黄色圆点：正在跑，等它变绿。4. 如果变成绿色 check：部署成功。然后等几分钟打开：https://zhenbi93.github.io/mp1 5. 如果 Actions 页面完全没有 workflow run，说明最新代码可能还没有 push 到 GitHub。那就需要在本地执行：git add .; git commit -m ""Finish MP1 portfolio""; git push。push 之后再回 GitHub 的 Actions 看它自动跑。"
"user","Actions 页面显示两个 workflow runs 都失败了。"
"assistant","这个红叉说明 GitHub Actions 已经触发了，但部署失败了。我们需要看失败原因，通常是 workflow 的路径、build command、或者 GitHub Pages 权限设置问题。我先检查一下本地 .github/workflows/static.yml 内容，看看最可能的问题在哪。"
"assistant","现在点最上面这个失败的 run：finished mp1 这一行，直接点进去。进去之后你会看到左边/中间有两个 job，通常叫 build 和 deploy。你要看哪个是红色失败的，然后点它。再展开失败的 step，把红色报错截图发我。最常见的几个情况：如果是 npm ci 失败，可能是 package-lock.json 没 push 或 lockfile 不匹配。如果是 npm run build 失败，GitHub 环境 build 报错，需要按日志修。如果是 deploy 失败，通常是 Pages 权限/环境设置问题。你现在这张图只能看到失败了，还看不到原因。点 finished mp1 进去看红色 error message，我们就能精准修。"
"user","deploy 失败，错误显示 Failed to create deployment status 404。"
"assistant","这个日志很有用：build 已经成功，失败的是 deploy，而且是 Failed to create deployment status 404。这通常不是代码 build 错，而是 GitHub Pages 部署初始化/配置没有完全接上。我会先把 workflow 补成 GitHub 官方推荐的 Pages workflow 格式，加上 configure-pages 这一步，然后你 push 后重新跑。"
"assistant","这个失败不是网页代码问题：build 是绿色的，说明项目能成功打包。失败点是 deploy，报错 Failed to create deployment status 404，通常是 GitHub Pages Actions 部署初始化没完全配置好。我已经帮你改了本地 workflow：在 .github/workflows/static.yml 里加了官方推荐的 actions/configure-pages@v5。你现在在本地运行这三条：git add .github/workflows/static.yml; git commit -m ""Fix GitHub Pages workflow""; git push。push 后回到 GitHub 的 Actions 页面，它会自动重新跑。等新的 run 变成绿色后，再打开：https://zhenbi93.github.io/mp1。如果新的 run 还是红色，再把新的 deploy 错误截图发我。"
